{"cameraMode":{"drawMode":0,"name":"Shaded","section":"Shading Mode"},"sceneLighting":false,"audioPlay":false,"sceneViewState":{"m_AlwaysRefresh":false,"showFog":true,"showSkybox":false,"showFlares":true,"showImageEffects":true,"showParticleSystems":true,"showVisualEffectGraphs":true,"m_FxEnabled":true},"in2DMode":false,"pivot":{"x":-1.6628990173339844,"y":0.690000057220459,"z":1.9628992080688477},"rotation":{"x":0.015978137031197549,"y":0.6614853143692017,"z":-0.014097191393375397,"w":0.7496581673622131},"size":1.3747726678848267,"orthographic":false}